{
  "threshold": 3.75,
  "n_labeled": 391,
  "models": {
    "v4": {
      "n": 391,
      "positives": 60,
      "recall": 0.65,
      "precision": 0.8478260869565217,
      "specificity": 0.9788519637462235,
      "f1": 0.7358490566037735,
      "spearman": 0.8213719816400008,
      "mae": 0.49632866355546457,
      "tp": 39,
      "fn": 21,
      "fp": 7,
      "tn": 324
    },
    "v2": {
      "n": 391,
      "positives": 60,
      "recall": 0.5833333333333334,
      "precision": 0.6140350877192983,
      "specificity": 0.9335347432024169,
      "f1": 0.5982905982905983,
      "spearman": 0.7954873532034873,
      "mae": 0.8425687420055691,
      "tp": 35,
      "fn": 25,
      "fp": 22,
      "tn": 309
    }
  }
}