{"method": "isotonic", "n_samples": 389, "test_mae_before": 0.7695, "test_mae_after": 0.599, "improvement_pct": 22.2, "per_dim_mae": {"recovery_evidence": [0.7231, 0.5636], "measurable_outcomes": [0.7467, 0.6331], "ecological_significance": [0.8512, 0.6366], "restoration_scale": [0.7199, 0.5364], "human_agency": [0.928, 0.7115], "protection_durability": [0.6482, 0.5129]}, "tier_dist": {"oracle": {"high": 5, "medium": 53, "low": 333}, "calibrated": {"high": 0, "medium": 44, "low": 347}}, "curve": {"recovery_evidence": [[-1.40625, 0.0], [-0.78515625, 0.0], [-0.71875, 0.0714285746216774], [-0.39453125, 0.0714285746216774], [-0.384765625, 0.07352941483259201], [0.2119140625, 0.07352941483259201], [0.2158203125, 0.08888889104127884], [0.52734375, 0.08888889104127884], [0.53125, 0.25], [0.671875, 0.25], [0.68359375, 0.3571428656578064], [0.79296875, 0.3571428656578064], [0.796875, 0.5], [0.953125, 0.5], [0.9609375, 0.75], [1.1796875, 0.75], [1.203125, 1.0], [1.2109375, 1.076923131942749], [1.546875, 1.076923131942749], [1.5546875, 1.25], [2.453125, 1.25], [2.46875, 1.3333333730697632], [2.8125, 1.3333333730697632], [2.875, 3.799999952316284], [2.890625, 3.799999952316284], [3.0625, 4.0], [3.125, 4.375], [3.21875, 4.375], [3.234375, 4.5789475440979], [4.1875, 4.5789475440979], [4.21875, 4.916666507720947], [4.46875, 4.916666507720947], [4.53125, 5.395833492279053], [6.09375, 5.395833492279053], [6.125, 6.0], [6.1875, 6.75], [6.59375, 6.75]], "measurable_outcomes": [[-1.6796875, 0.0], [-1.0546875, 0.0], [-1.0234375, 0.05882352963089943], [-0.06884765625, 0.05882352963089943], [-0.062255859375, 0.07999999821186066], [0.0400390625, 0.07999999821186066], [0.0419921875, 0.11764705926179886], [0.322265625, 0.11764705926179886], [0.33203125, 0.23529411852359772], [0.5546875, 0.23529411852359772], [0.56640625, 0.25], [0.58203125, 0.25], [0.58984375, 0.2916666567325592], [0.73046875, 0.2916666567325592], [0.734375, 0.4000000059604645], [0.78125, 0.4000000059604645], [0.78515625, 0.6000000238418579], [0.8203125, 0.6000000238418579], [0.82421875, 0.6666666865348816], [0.86328125, 0.6666666865348816], [0.8671875, 0.7083333134651184], [1.34375, 0.7083333134651184], [1.359375, 1.1111111640930176], [1.453125, 1.1111111640930176], [1.5078125, 1.25], [1.5234375, 1.25], [1.546875, 1.3333333730697632], [1.6015625, 1.3333333730697632], [1.6328125, 1.7727272510528564], [1.8125, 1.7727272510528564], [1.84375, 1.7857142686843872], [2.71875, 1.7857142686843872], [2.734375, 3.0], [3.1875, 3.0], [3.203125, 4.285714149475098], [3.59375, 4.285714149475098], [3.609375, 4.384615421295166], [4.09375, 4.384615421295166], [4.125, 4.823529243469238], [5.28125, 4.823529243469238], [5.46875, 6.125], [5.90625, 6.125], [6.21875, 7.0], [6.375, 7.0]], "ecological_significance": [[-2.0, 0.0], [-0.97265625, 0.0], [-0.875, 0.021739130839705467], [0.146484375, 0.021739130839705467], [0.1552734375, 0.022727273404598236], [0.42578125, 0.022727273404598236], [0.43359375, 0.0625], [0.63671875, 0.0625], [0.640625, 0.2142857164144516], [0.8125, 0.2142857164144516], [0.82421875, 0.23529411852359772], [1.171875, 0.23529411852359772], [1.1953125, 0.4285714328289032], [1.28125, 0.4285714328289032], [1.2890625, 0.5882353186607361], [2.0, 0.5882353186607361], [2.03125, 0.6666666865348816], [2.078125, 0.6666666865348816], [2.09375, 1.5], [2.296875, 1.5], [2.34375, 2.0], [2.40625, 2.0], [2.46875, 2.0833332538604736], [2.71875, 2.0833332538604736], [2.78125, 2.375], [2.828125, 2.375], [3.03125, 2.6111111640930176], [3.25, 2.6111111640930176], [3.359375, 3.5], [3.71875, 3.5], [3.765625, 3.5999999046325684], [3.984375, 3.5999999046325684], [4.0625, 4.458333492279053], [4.4375, 4.458333492279053], [4.53125, 4.875], [5.09375, 4.875], [5.125, 5.9285712242126465], [5.5, 5.9285712242126465], [5.5625, 6.0], [5.625, 6.0], [5.71875, 6.145833492279053], [6.59375, 6.145833492279053], [6.65625, 6.5], [6.75, 6.5], [6.78125, 6.75], [6.9375, 6.75], [7.125, 7.0], [7.15625, 7.666666507720947], [7.375, 7.666666507720947], [8.125, 8.0]], "restoration_scale": [[-1.6875, 0.0], [-0.1181640625, 0.0], [-0.1162109375, 0.045045044273138046], [0.486328125, 0.045045044273138046], [0.5, 0.11999999731779099], [0.7734375, 0.11999999731779099], [0.79296875, 0.375], [1.1015625, 0.375], [1.1484375, 0.5], [1.3671875, 0.5], [1.3984375, 0.7368420958518982], [1.609375, 0.7368420958518982], [1.6171875, 1.0], [1.6875, 1.0], [1.6953125, 1.2999999523162842], [1.828125, 1.2999999523162842], [1.8359375, 1.5], [2.171875, 1.5], [2.1875, 1.75], [2.203125, 1.75], [2.28125, 2.0833332538604736], [2.625, 2.0833332538604736], [2.640625, 2.222222328186035], [2.9375, 2.222222328186035], [2.984375, 3.0], [3.03125, 3.0], [3.046875, 3.5], [3.0625, 3.7142858505249023], [3.421875, 3.7142858505249023], [3.453125, 4.333333492279053], [3.90625, 4.333333492279053], [3.921875, 4.338709831237793], [5.125, 4.338709831237793], [5.1875, 4.5], [5.5625, 4.5], [5.875, 6.0], [5.96875, 6.5], [6.25, 6.5], [6.375, 8.0]], "human_agency": [[-3.59375, 0.0], [-0.439453125, 0.0], [-0.435546875, 0.009433962404727936], [0.1630859375, 0.009433962404727936], [0.166015625, 0.07407407462596893], [0.49609375, 0.07407407462596893], [0.51171875, 0.20000000298023224], [0.5234375, 0.20000000298023224], [0.5390625, 0.3461538553237915], [0.86328125, 0.3461538553237915], [0.88671875, 0.625], [1.203125, 0.625], [1.2265625, 0.7916666865348816], [1.7421875, 0.7916666865348816], [1.859375, 1.263157844543457], [2.84375, 1.263157844543457], [2.875, 2.555555582046509], [3.09375, 2.555555582046509], [3.25, 2.799999952316284], [3.34375, 2.799999952316284], [3.390625, 3.0399999618530273], [4.78125, 3.0399999618530273], [4.84375, 3.3333332538604736], [4.875, 3.3333332538604736], [4.96875, 4.333333492279053], [5.03125, 4.333333492279053], [5.0625, 5.5], [5.1875, 5.5], [5.21875, 6.0], [5.28125, 6.0], [5.3125, 6.111111164093018], [5.59375, 6.111111164093018], [5.65625, 6.787878513336182], [6.96875, 6.787878513336182], [7.0625, 6.909090995788574], [7.65625, 6.909090995788574], [7.71875, 7.75], [8.25, 7.75], [8.3125, 8.0]], "protection_durability": [[-1.890625, 0.0], [-0.11572265625, 0.0], [-0.115234375, 0.012987012974917889], [0.1953125, 0.012987012974917889], [0.2001953125, 0.06666667014360428], [0.341796875, 0.06666667014360428], [0.345703125, 0.13513512909412384], [0.62109375, 0.13513512909412384], [0.625, 0.1666666716337204], [0.69140625, 0.1666666716337204], [0.703125, 0.3333333432674408], [0.73046875, 0.3333333432674408], [0.734375, 0.375], [0.83203125, 0.375], [0.8359375, 0.39361703395843506], [1.609375, 0.39361703395843506], [1.6484375, 0.5], [1.6640625, 0.5], [1.671875, 1.0], [1.7109375, 1.545454502105713], [2.21875, 1.545454502105713], [2.265625, 2.680000066757202], [3.125, 2.680000066757202], [3.203125, 2.75], [3.265625, 2.75], [3.28125, 3.0], [3.3125, 3.0], [3.390625, 3.799999952316284], [3.53125, 3.799999952316284], [3.578125, 4.595238208770752], [5.4375, 4.595238208770752], [5.5, 5.0], [5.53125, 5.5], [5.90625, 5.5], [5.9375, 6.0]]}}