{
  "threshold": 2.25,
  "gatekeeper_cap": 3.0,
  "n_labeled": 1500,
  "models": {
    "v4": {
      "n": 1500,
      "positives": 136,
      "recall": 0.5588235294117647,
      "precision": 0.7676767676767676,
      "specificity": 0.9831378299120235,
      "f1": 0.6468085106382979,
      "spearman": 0.4619822604527103,
      "mae": 0.3632089460757057,
      "tp": 76,
      "fn": 60,
      "fp": 23,
      "tn": 1341
    }
  }
}