{
  "threshold": 3.0,
  "gatekeeper_cap": 3.0,
  "n_labeled": 1500,
  "models": {
    "v4": {
      "n": 1500,
      "positives": 111,
      "recall": 0.45045045045045046,
      "precision": 0.78125,
      "specificity": 0.9899208063354932,
      "f1": 0.5714285714285714,
      "spearman": 0.4619762626613069,
      "mae": 0.36320894607570575,
      "tp": 50,
      "fn": 61,
      "fp": 14,
      "tn": 1375
    }
  }
}